n,SelectionSort,HeapSort
0,0,0
10,0.0000080000,0.0000040000
100,0.0001670000,0.0000360000
1000,0.0136440000,0.0002920000
2000,0.0499610000,0.0006480000
3000,0.1121880000,0.0010020000
4000,0.1966240000,0.0013440000
5000,0.3131540000,0.0017560000
6000,0.4393470000,0.0021840000
7000,0.5960230000,0.0025280000
8000,0.7833440000,0.0028950000
9000,0.9994280000,0.0032910000
10000,1.2514370000,0.0038890000
